{"designerVersion":"1.0.0","id":"b1c654bc-7e3b-4598-8747-206d5ab55b09","name":"myVacationRequests","type":"page","lastUpdate":1434638832669,"rows":[[{"type":"component","dimension":{"xs":12},"propertyValues":{"cssClasses":{"type":"constant","value":""},"hidden":{"type":"constant","value":false},"text":{"type":"constant","value":"My vacation list"},"level":{"type":"constant","value":"Level 2"},"alignment":{"type":"constant","value":"left"}},"reference":"9e6a8f29-05a9-438f-82fd-4c5b17f2eea6","id":"pbTitle"}],[{"type":"component","dimension":{"xs":4},"propertyValues":{"cssClasses":{"type":"constant","value":""},"hidden":{"type":"constant","value":false},"text":{"type":"constant","value":"Start date"},"level":{"type":"constant","value":"Level 4"},"alignment":{"type":"constant","value":"left"}},"reference":"60c1a4cc-2b10-4363-a8fc-1280e9c9b3d3","id":"pbTitle"},{"type":"component","dimension":{"xs":4},"propertyValues":{"cssClasses":{"type":"constant","value":""},"hidden":{"type":"constant","value":false},"text":{"type":"constant","value":"Return date"},"level":{"type":"constant","value":"Level 4"},"alignment":{"type":"constant","value":"left"}},"reference":"ada789b8-9b93-4fd0-b2a0-99b037d74fc9","id":"pbTitle"},{"type":"component","dimension":{"xs":1},"propertyValues":{"cssClasses":{"type":"constant","value":""},"hidden":{"type":"constant","value":false},"text":{"type":"constant","value":"days #"},"level":{"type":"constant","value":"Level 4"},"alignment":{"type":"constant","value":"left"}},"reference":"5104a160-33c3-490e-9cf2-3406b282a6e5","id":"pbTitle"},{"type":"component","dimension":{"xs":3},"propertyValues":{"cssClasses":{"type":"constant","value":""},"hidden":{"type":"constant","value":false},"text":{"type":"constant","value":"Status"},"level":{"type":"constant","value":"Level 4"},"alignment":{"type":"constant","value":"left"}},"reference":"7df6e255-1cf8-4201-a81d-65c7c21f241f","id":"pbTitle"}],[{"type":"container","dimension":{"xs":12},"propertyValues":{"cssClasses":{"type":"constant","value":""},"hidden":{"type":"constant","value":false},"repeatedCollection":{"type":"data","value":"userVacationRequests"}},"reference":"3f50fd3a-08e8-4272-9dc0-16ae5df89f0e","rows":[[{"type":"component","dimension":{"xs":4},"propertyValues":{"cssClasses":{"type":"constant","value":""},"hidden":{"type":"constant","value":false},"readOnly":{"type":"constant","value":true},"required":{"type":"constant","value":false},"labelHidden":{"type":"constant","value":true},"label":{"type":"constant","value":""},"labelPosition":{"type":"constant","value":"left"},"labelWidth":{"type":"constant","value":4},"placeholder":{"type":"constant","value":"MM/dd/yyyy"},"value":{"type":"data","value":"$item.startDate"},"dateFormat":{"type":"constant","value":"MM/dd/yyyy"}},"reference":"88745da2-5697-400b-b71c-89a65efc6d09","id":"pbDatePicker"},{"type":"component","dimension":{"xs":4},"propertyValues":{"cssClasses":{"type":"constant","value":""},"hidden":{"type":"constant","value":false},"readOnly":{"type":"constant","value":true},"required":{"type":"constant","value":false},"labelHidden":{"type":"constant","value":true},"label":{"type":"constant","value":""},"labelPosition":{"type":"constant","value":"left"},"labelWidth":{"type":"constant","value":4},"placeholder":{"type":"constant","value":"MM/dd/yyyy"},"value":{"type":"data","value":"$item.returnDate"},"dateFormat":{"type":"constant","value":"MM/dd/yyyy"}},"reference":"a67c6ab6-b57a-47bb-bf5f-41b616ec122b","id":"pbDatePicker"},{"type":"component","dimension":{"xs":1},"propertyValues":{"cssClasses":{"type":"constant","value":""},"hidden":{"type":"constant","value":false},"required":{"type":"constant","value":false},"minLength":{"type":"constant","value":""},"maxLength":{"type":"constant","value":""},"readOnly":{"type":"constant","value":true},"labelHidden":{"type":"constant","value":true},"label":{"type":"constant","value":""},"labelPosition":{"type":"constant","value":"left"},"labelWidth":{"type":"constant","value":4},"placeholder":{"type":"constant"},"value":{"type":"data","value":"$item.numberOfDays"},"type":{"type":"constant","value":"text"},"min":{"type":"constant"},"max":{"type":"constant"}},"reference":"c9549978-9bc4-4935-9779-dbfd3abc4261","id":"pbInput"},{"type":"component","dimension":{"xs":2},"propertyValues":{"cssClasses":{"type":"constant","value":""},"hidden":{"type":"constant","value":false},"required":{"type":"constant","value":false},"minLength":{"type":"constant","value":""},"maxLength":{"type":"constant","value":""},"readOnly":{"type":"constant","value":true},"labelHidden":{"type":"constant","value":true},"label":{"type":"constant","value":""},"labelPosition":{"type":"constant","value":"left"},"labelWidth":{"type":"constant","value":4},"placeholder":{"type":"constant"},"value":{"type":"data","value":"$item.status"},"type":{"type":"constant","value":"text"},"min":{"type":"constant"},"max":{"type":"constant"}},"reference":"b3eb9cf4-d1fa-44b2-a38c-91c92ee3dd4e","id":"pbInput"},{"type":"component","dimension":{"xs":1},"propertyValues":{"cssClasses":{"type":"constant","value":""},"hidden":{"type":"data","value":"$item.status != \"pending\" && $item.status != \"approved\""},"disabled":{"type":"constant","value":false},"label":{"type":"constant","value":"Cancel"},"alignment":{"type":"constant","value":"left"},"buttonStyle":{"type":"constant","value":"danger"},"action":{"type":"constant","value":"POST"},"url":{"type":"data","value":"urlStartCancelProcess"},"dataToSend":{"type":"constant","value":"{\"vacationRequestIdContract\": {{ $item.persistenceId }} }"},"dataFromSuccess":{"type":"data"},"dataFromError":{"type":"data"},"collectionToModify":{"type":"data"},"collectionPosition":{"type":"constant","value":"Last"},"valueToAdd":{"type":"constant"},"targetUrlOnSuccess":{"type":"constant"}},"reference":"2dea352b-5fc6-4b99-91cb-334af97f722a","id":"pbButton"}]]}],[{"type":"component","dimension":{"xs":12},"propertyValues":{"cssClasses":{"type":"constant","value":""},"hidden":{"type":"constant","value":false},"text":{"type":"constant","value":"Debug information"},"level":{"type":"constant","value":"Level 3"},"alignment":{"type":"constant","value":"left"}},"reference":"092ff4ea-69c1-44a3-9426-8c976d842c72","id":"pbTitle"}],[{"type":"component","dimension":{"xs":12},"propertyValues":{"cssClasses":{"type":"constant","value":""},"hidden":{"type":"constant","value":false},"text":{"type":"constant","value":"userVacationRequests: {{ userVacationRequests | json }}"},"alignment":{"type":"constant","value":"left"}},"reference":"7f2bccbc-167e-4875-a07b-e03ee0c7ef85","id":"pbText"}],[{"type":"component","dimension":{"xs":12},"propertyValues":{"cssClasses":{"type":"constant","value":""},"hidden":{"type":"constant","value":false},"text":{"type":"constant","value":"processToCancel: {{ processToCancel | json }}"},"alignment":{"type":"constant","value":"left"}},"reference":"85d58da1-aca2-4474-8939-6e122f25ca48","id":"pbText"}],[{"type":"component","dimension":{"xs":12},"propertyValues":{"cssClasses":{"type":"constant","value":""},"hidden":{"type":"constant","value":false},"text":{"type":"constant","value":"urlStartCancelProcess: {{ urlStartCancelProcess }}"},"alignment":{"type":"constant","value":"left"}},"reference":"f1f4632b-cd80-4f4b-ad43-ce5a1da1be3e","id":"pbText"}]],"assets":[],"data":{"userVacationRequests":{"type":"url","value":"../API/bdm/businessData/bizdata.VacationRequest?q=findByRequesterBonitaBPMId&p=0&c=100&f=requesterBonitaBPMId={{userInformation.user_id}}","exposed":false},"userInformation":{"type":"url","value":"../API/system/session/1","exposed":false},"processToCancel":{"type":"url","value":"../API/bpm/process?s=CancelVacationRequest&p=0&c=10&o=version&f=activationState=ENABLED","exposed":false},"urlStartCancelProcess":{"type":"expression","value":"return \"../API/bpm/process/\" +$data.processToCancel[0].id + \"/instantiation\";","exposed":false}}}