{"designerVersion":"1.0.0","id":"pbDatePicker","name":"Date Picker","lastUpdate":1434559317908,"template":"<div ng-class=\"{\n    'form-horizontal': properties.labelPosition === 'left' && !properties.labelHidden,\n    'row': properties.labelPosition === 'top' && !properties.labelHidden || properties.labelHidden\n    }\">\n    <div class=\"form-group\">\n        <label\n            ng-if=\"!properties.labelHidden\"\n            ng-class=\"{ 'control-label--required': properties.required }\"\n            class=\"control-label col-xs-{{ !properties.labelHidden && properties.labelPosition === 'left' ? properties.labelWidth : 12 }}\">\n            {{ properties.label }}\n        </label>\n        <div class=\"col-xs-{{ 12 - (!properties.labelHidden && properties.labelPosition === 'left' ? properties.labelWidth : 0) }}\">\n            <p class=\"input-group\">\n                <input type=\"text\" class=\"form-control\"\n                       datepicker-popup=\"{{ properties.dateFormat }}\"\n                       pb-datepicker-utc\n                       name=\"{{ctrl.name}}\"\n                       ng-model=\"properties.value\"\n                       is-open=\"ctrl.opened\"\n                       datepicker-options=\"ctrl.datepickerOptions\"\n                       placeholder=\"{{properties.placeholder}}\"\n                       ng-required=\"properties.required\"\n                       ng-readonly=\"properties.readOnly\"/>\n\n                <span class=\"input-group-btn\">\n                    <button type=\"button\" class=\"btn btn-default\"\n                            ng-click=\"ctrl.today()\"\n                            ng-disabled=\"properties.readOnly\">\n                            Today\n                    </button>\n                    <button type=\"button\" class=\"btn btn-default\"\n                              ng-click=\"ctrl.open($event)\"\n                              ng-disabled=\"properties.readOnly\">\n                              <i class=\"glyphicon glyphicon-calendar\"></i>\n                    </button>\n                </span>\n            </p>\n            <div ng-messages=\"$form[ctrl.name].$dirty && $form[ctrl.name].$error \" ng-messages-include=\"forms-generic-errors.html\" role=\"alert\"></div>\n        </div>\n    </div>\n</div>\n","icon":"<svg xmlns='http://www.w3.org/2000/svg' viewBox='0 0 50 20'><path fill='#fff' d='M0 0v20h50V0H0zm49 19H1V1h48v18z'/><path fill='#CBD5E1' d='M32 6v2h-3V6h-1v2h-3V6h-1v2h-3V6h-1v2h-3v1h3v2h-3v1h3v2h-3v1h3v2h1v-2h3v2h1v-2h3v2h1v-2h3v2h1V6h-1zm-4 3v2h-3V9h3zm-7 0h3v2h-3V9zm0 5v-2h3v2h-3zm4 0v-2h3v2h-3zm7 0h-3v-2h3v2zm0-3h-3V9h3v2z'/><path fill='#fff' d='M21 9h3v2h-3z'/><path fill='#fff' d='M31 4V2h-2v2h-8V2h-2v2h-3v14h18V4h-3zm2 13H17V6h16v11z'/></svg>","controller":"function PbDatePickerCtrl($scope, $log, widgetNameFactory) {\n\n  'use strict';\n\n  //By default the picker is closed\n  this.opened = false;\n\n  this.datepickerOptions = {\n    startingDay: 1\n  };\n\n  this.today = function() {\n    var date = new Date();\n    $scope.properties.value = new Date(Date.UTC(date.getFullYear(), date.getMonth(), date.getDate()));\n  };\n\n  this.open = function ($event) {\n    $event.preventDefault();\n    $event.stopPropagation();\n    this.opened = true;\n\n    if($scope.properties.value===null){\n      $log.warn('Your date picker need a data to be bound. Without data, your app doesn\\'t know what to do with the date');\n    }\n\n  };\n\n  this.name = widgetNameFactory.getName('pbDatepicker');\n}\n","description":"Calendar for selecting a date","custom":false,"order":9,"properties":[{"label":"Read-only","name":"readOnly","type":"boolean","defaultValue":false,"bidirectional":false},{"label":"Required","name":"required","help":"In the context of a form container, use $form.$invalid as a Boolean to check form validity in a widget property","type":"boolean","defaultValue":false,"bidirectional":false},{"label":"Label hidden","name":"labelHidden","type":"boolean","defaultValue":false,"bidirectional":false},{"label":"Label","name":"label","showFor":"properties.labelHidden.value === false","type":"text","defaultValue":"Date","bidirectional":false},{"label":"Label position","name":"labelPosition","showFor":"properties.labelHidden.value === false","type":"choice","defaultValue":"left","choiceValues":["left","top"],"bidirectional":false},{"label":"labelWidth","name":"labelWidth","showFor":"properties.labelHidden.value === false","type":"integer","defaultValue":4,"bidirectional":false},{"label":"Placeholder","name":"placeholder","help":"Short hint that describes the expected value","type":"text","defaultValue":"MM/dd/yyyy","bidirectional":false},{"label":"Value","name":"value","type":"text","bidirectional":true},{"label":"Date format","name":"dateFormat","caption":"y: year, M: month, d: day, h: hour, m: minute, s: second","help":"Specify your own format","type":"text","defaultValue":"MM/dd/yyyy","bidirectional":false}],"assets":[],"requiredModules":["ui.bootstrap"]}