{"designerVersion":"1.0.0-beta","id":"e4f3a49f-aaf8-46c7-9af7-75f242248c13","name":"reviewVacationRequest","type":"page","lastUpdate":1434643395252,"rows":[[{"type":"component","dimension":{"lg":12,"md":12,"sm":12,"xs":6},"propertyValues":{"cssClasses":{"type":"constant","value":""},"hidden":{"type":"constant","value":false},"disabled":{"type":"constant","value":true},"labelHidden":{"type":"constant","value":false},"label":{"type":"constant","value":"Start date"},"labelPosition":{"type":"constant","value":"left"},"labelWidth":{"type":"constant","value":4},"placeholder":{"type":"constant","value":"dd/MM/yyyy"},"value":{"type":"data","value":"vacationRequestBusinessData.startDate"},"dateFormat":{"type":"constant","value":"dd/MM/yyyy"},"forceUTC":{"type":"constant","value":true},"readOnly":{"type":"constant","value":true},"required":{"type":"constant","value":false}},"reference":"a65c98e4-b049-46ba-97e5-b35529db135a","id":"pbDatePicker"},{"type":"component","dimension":{"lg":12,"md":12,"sm":12,"xs":6},"propertyValues":{"cssClasses":{"type":"constant","value":""},"hidden":{"type":"constant","value":false},"disabled":{"type":"constant","value":true},"labelHidden":{"type":"constant","value":false},"label":{"type":"constant","value":"Return date"},"labelPosition":{"type":"constant","value":"left"},"labelWidth":{"type":"constant","value":4},"placeholder":{"type":"constant","value":"dd/MM/yyyy"},"value":{"type":"data","value":"vacationRequestBusinessData.returnDate"},"dateFormat":{"type":"constant","value":"dd/MM/yyyy"},"forceUTC":{"type":"constant","value":true},"readOnly":{"type":"constant","value":true},"required":{"type":"constant","value":false}},"reference":"8db6e11d-0e45-47a5-b991-c5aca0f6c171","id":"pbDatePicker"}],[{"type":"component","dimension":{"lg":12,"md":12,"sm":12,"xs":12},"propertyValues":{"cssClasses":{"type":"constant","value":""},"hidden":{"type":"constant","value":false},"readOnly":{"type":"constant","value":true},"labelHidden":{"type":"constant","value":false},"label":{"type":"constant","value":"Number of days"},"labelPosition":{"type":"constant","value":"left"},"labelWidth":{"type":"constant","value":2},"placeholder":{"type":"constant"},"value":{"type":"data","value":"vacationRequestBusinessData.numberOfDays"},"type":{"type":"constant","value":"number"},"required":{"type":"constant","value":false},"minLength":{"type":"constant","value":""},"maxLength":{"type":"constant","value":""},"min":{"type":"constant"},"max":{"type":"constant"}},"reference":"65aa6a6e-932e-4fbd-86a5-518619d5ed3d","id":"pbInput"}],[{"type":"container","dimension":{"lg":12,"md":12,"sm":12,"xs":12},"propertyValues":{"cssClasses":{"type":"constant","value":""},"hidden":{"type":"constant","value":false},"repeatedCollection":{"type":"constant","value":""}},"reference":"10738a37-37e1-4626-a2ee-53daad9d23f7","rows":[[{"type":"component","dimension":{"lg":6,"md":2,"sm":12,"xs":12},"propertyValues":{"cssClasses":{"type":"constant","value":""},"hidden":{"type":"constant","value":false},"disabled":{"type":"constant","value":false},"inline":{"type":"constant","value":false},"availableValues":{"type":"constant","value":["approved","refused"]},"selectedValue":{"type":"data","value":"sentData.status"},"displayedKey":{"type":"constant"},"returnedKey":{"type":"constant"},"required":{"type":"constant","value":true},"labelHidden":{"type":"constant","value":true},"label":{"type":"constant","value":"Default label"},"labelPosition":{"type":"constant","value":"left"},"labelWidth":{"type":"constant","value":4}},"reference":"1fae4198-871c-425b-82d7-6433e0ed6781","id":"pbRadioButtons"},{"type":"component","dimension":{"lg":6,"md":10,"sm":12,"xs":12},"propertyValues":{"cssClasses":{"type":"constant","value":""},"hidden":{"type":"data","value":"sentData.status != \"refused\""},"readOnly":{"type":"constant","value":false},"labelHidden":{"type":"constant","value":false},"label":{"type":"constant","value":"Comments"},"labelPosition":{"type":"constant","value":"left"},"labelWidth":{"type":"constant","value":2},"value":{"type":"data","value":"sentData.comments"},"required":{"type":"data","value":"sentData.status == \"refused\""},"minLength":{"type":"constant","value":""},"maxLength":{"type":"constant","value":""}},"reference":"6215ddc5-1272-4d93-a274-2819efa15db9","id":"pbTextarea"}]]}],[{"type":"component","dimension":{"xs":12},"propertyValues":{"cssClasses":{"type":"constant","value":""},"hidden":{"type":"constant","value":false},"text":{"type":"constant","value":"Debug information"},"level":{"type":"constant","value":"Level 3"},"alignment":{"type":"constant","value":"left"}},"reference":"2567e2f2-9981-4dd4-bec0-595e160f66e2","id":"pbTitle"}],[{"type":"component","dimension":{"lg":12,"md":12,"sm":12,"xs":12},"propertyValues":{"cssClasses":{"type":"constant","value":""},"hidden":{"type":"constant","value":false},"text":{"type":"constant","value":"context: {{ context | json }}"},"alignment":{"type":"constant","value":"left"}},"reference":"8ccdca8b-bfcc-4007-a9ac-1542db9d369c","id":"pbText"}],[{"type":"component","dimension":{"lg":12,"md":12,"sm":12,"xs":12},"propertyValues":{"cssClasses":{"type":"constant","value":""},"hidden":{"type":"constant","value":false},"text":{"type":"constant","value":"vacationRequestBusinessData: {{ vacationRequestBusinessData | json }}"},"alignment":{"type":"constant","value":"left"}},"reference":"0d075088-47bb-4fce-a3ae-32faee8d9211","id":"pbText"}],[{"type":"component","dimension":{"lg":12,"md":12,"sm":12,"xs":12},"propertyValues":{"cssClasses":{"type":"constant","value":""},"hidden":{"type":"constant","value":false},"text":{"type":"constant","value":"sentData: {{ sentData | json }}"},"alignment":{"type":"constant","value":"left"}},"reference":"5eda1f60-bd8b-4444-9940-188c663dae8b","id":"pbText"}],[{"type":"component","dimension":{"lg":12,"md":12,"sm":12,"xs":12},"propertyValues":{"cssClasses":{"type":"constant","value":""},"hidden":{"type":"constant","value":false},"text":{"type":"constant","value":"response: {{ response | json }}"},"alignment":{"type":"constant","value":"left"}},"reference":"eb867abb-e014-425a-93b9-1f4efcd5f706","id":"pbText"}],[{"type":"component","dimension":{"xs":12},"propertyValues":{"alignment":{"type":"constant","value":"center"},"isDisplayed":{"type":"constant","value":true},"class":{"type":"constant","value":"com.bonitasoft.web.designer.experimental.parametrizedWidget.ButtonWidget"},"label":{"type":"constant","value":"Submit"},"buttonStyle":{"type":"constant","value":"primary"},"dimension":{"type":"constant"},"collectionToModify":{"type":"data"},"id":{"type":"constant","value":"pbButton"},"action":{"type":"constant","value":"Submit task"},"labelHidden":{"type":"constant","value":false},"dataToSend":{"type":"data","value":"sentData"},"readonly":{"type":"constant","value":false},"disabled":{"type":"constant","value":false},"cssClasses":{"type":"constant","value":""},"hidden":{"type":"constant","value":false},"url":{"type":"constant"},"dataFromSuccess":{"type":"data","value":"response"},"dataFromError":{"type":"data","value":"response"},"collectionPosition":{"type":"constant","value":"Last"},"valueToAdd":{"type":"constant"},"targetUrlOnSuccess":{"type":"constant","value":"/bonita"}},"reference":"47be0ac5-7742-4824-b536-d1ee2b4f14c7","id":"pbButton"}]],"assets":[],"data":{"taskId":{"type":"expression","value":"return window.location.search.match('id=(\\\\w*)[&#]?')[1];","exposed":false},"sentData":{"type":"json","value":"{\n    \"status\": \"approved\",\n    \"comments\": null\n}","exposed":false},"context":{"type":"url","value":"/bonita/API/bpm/userTask/{{taskId}}/context","exposed":false},"vacationRequestBusinessData":{"type":"url","value":"/bonita/{{context.vacationRequest_ref.link}}","exposed":false},"response":{"type":"constant","exposed":false}}}