{"designerVersion":"1.2.16","favorite":false,"id":"pbLink","name":"Link","lastUpdate":1457440747246,"template":"<div class=\"text-{{ properties.alignment }}\">\n    <a ng-class=\"properties.buttonStyle !== 'none' ? 'btn btn-' + properties.buttonStyle : ''\" ng-href=\"{{properties.targetUrl}}\" target=\"{{properties.target}}\">{{ properties.text | uiTranslate }}</a>\n</div>\n","icon":"<svg xmlns='http://www.w3.org/2000/svg' viewBox='0 0 50 20'><g><path fill='#CBD5E1' d='M46.8,3h-1.9l-3.8,11.9H43L46.8,3z M42.8,3h-1.9l-3.8,11.9H39L42.8,3z M36.9,13.1H35v1.9h1.9V13.1z M36.9,7 H35v1.9h1.9V7z M25.8,10.6c0-1.4,0.4-2.8,2.1-2.8c1.6,0,2.1,1.3,2.1,2.6c0,1-0.4,2.6-2,2.6C26.4,13.1,25.8,11.9,25.8,10.6z M25.8,6 H24v11.8h1.9v-4.3h0c0.3,0.5,0.9,1.3,2.7,1.3c2.4,0,3.3-2.3,3.3-4.7c0-2.9-1.4-4.3-3.2-4.3c-1.7,0-2.4,0.8-2.8,1.4h0V6z M20.9,3.6 H19v2.3h-1.2v1.9H19V13c0,1.1,0.3,1.8,1.9,1.8h0.3c0.4,0,0.7,0,1.1,0v-1.7c-0.2,0-0.3,0-0.5,0c-0.9,0-0.9-0.2-0.9-0.7V7.8h1.4V5.9 h-1.4V3.6z M15.9,3.6H14v2.3h-1.2v1.9H14V13c0,1.1,0.3,1.8,1.9,1.8h0.3c0.4,0,0.7,0,1.1,0v-1.7c-0.2,0-0.3,0-0.5,0 c-0.9,0-0.9-0.2-0.9-0.7V7.8h1.4V5.9h-1.4V3.6z M11.9,8.8c0-1.9-1.1-2.9-2.8-2.9c-1.6,0-2.8,0.6-3.2,1.3h0V3H4v11.9h1.9v-5 c0-1.3,1-2,2.3-2C10,7.8,10,8.9,10,9.6v5.3h1.9V8.8z'/></g></svg>","description":"Navigation link to another page or form, or for file download","custom":false,"order":12,"properties":[{"label":"Text","name":"text","type":"text","defaultValue":"Link","bond":"interpolation"},{"label":"URL","name":"targetUrl","type":"text","defaultValue":"http://","bond":"expression"},{"label":"Frame","name":"target","help":"Specifies where to open the linked document","type":"choice","defaultValue":"_self","choiceValues":[{"value":"_self","label":"Current frame (_self)"},{"value":"_parent","label":"Parent frame (_parent)"},{"value":"_top","label":"Top frame (_top)"},{"value":"_blank","label":"New window (_blank)"}],"bond":"constant"},{"label":"Alignment","name":"alignment","type":"choice","defaultValue":"left","choiceValues":["left","center","right"],"bond":"constant"},{"label":"Style","name":"buttonStyle","type":"choice","defaultValue":"link","choiceValues":["link","primary","success","info","warning","danger"],"bond":"expression"}],"assets":[]}